word,count
THAT,413389
WHAT,285826
THIS,249860
KNOW,241548
HAVE,210523
JUST,196810
YOUR,188060
WITH,169586
WELL,155201
HERE,124368
LIKE,121194
YEAH,121148
WANT,102822
COME,72807
GOOD,72798
THEY,69192
LOOK,67262
WHEN,65117
TIME,64891
WILL,64811
OKAY,63509
BACK,63115
MEAN,61504
TELL,61352
FROM,59972
WERE,58127
BEEN,55235
SOME,53265
THEN,52197
TAKE,49868
MAKE,46154
NEED,46040
LOVE,42994
SURE,40757
THEM,40366
MORE,40239
OVER,40001
DOWN,37644
VERY,36140
SAID,34568
MUCH,34270
LIFE,34192
EVEN,33895
GIVE,31073
ONLY,30599
HELP,29825
TALK,28834
WAIT,27920
INTO,27354
FIND,26757
CALL,25880
TOLD,25594
EVER,25127
THAN,24815
AWAY,24543
FEEL,23850
WORK,23683
FINE,22993
HOME,22901
LAST,21965
KEEP,21842
DOES,21731
STOP,21341
LONG,21086
GUYS,19953
KIND,19031
MADE,18872
CARE,18042
HEAR,16523
BABY,16514
NICE,16275
ELSE,16214
STAY,16167
DONE,16010
MIND,15364
HELL,15191
CAME,15142
IDEA,14203
BEST,14094
MUST,14089
ROOM,13467
LEFT,13428
KNEW,13357
REAL,13161
HOPE,13093
NAME,13044
SAME,13024
WENT,12892
GIRL,12641
SHOW,12392
NEXT,12147
HURT,11145
BOTH,11035
DEAD,11002
KILL,10676
HARD,10608
HOLD,10254
SEEN,10192
DEAL,10143
TOOK,10083
ONCE,9931
GONE,9877
HEAD,9794
MOST,9699
USED,9623
PART,9518
LIVE,9507
FACE,9441
TRUE,9296
EACH,9277
SOON,9261
WIFE,9125
MOVE,9073
SUCH,8813
MISS,8806
MEET,8608
MANY,8504
DAMN,8367
LOST,8348
CASE,8287
TURN,8264
WISH,8262
KIDS,8247
LATE,8164
FIVE,8137
TOWN,8099
YEAR,8013
PLAY,7883
HATE,7839
SAYS,7821
GAVE,7759
FACT,7654
OPEN,7598
REST,7417
WORD,7355
GLAD,7277
DAYS,7213
WHOA,7081
MRS],7064
GETS,7023
DOOR,6907
HAND,6872
EASY,6848
WALK,6619
MINE,6503
SHUT,6294
ABLE,6289
FOUR,6014
COOL,5954
EYES,5950
NEWS,5936
HALF,5819
SIDE,5813
READ,5743
PICK,5610
ALSO,5583
DATE,5581
LINE,5564
PLAN,5557
LOSE,5459
FIRE,5452
FREE,5433
SHIT,5388
HIGH,5377
WEEK,5356
PAST,5315
SICK,5256
GAME,5212
GOES,5194
SAVE,5144
BOOK,5027
SEEM,5001
SORT,5000
SAFE,4999
SHOT,4866
FELT,4748
PAUL,4616
FULL,4533
DEAR,4516
FUCK,4453
HOUR,4325
LADY,4301
BODY,4271
HANG,4243
SEND,4045
DIED,3996
JAKE,3962
SIGN,3890
BOYS,3888
HAIR,3839
LUCK,3792
LUIS,3773
KISS,3750
PAIN,3720
COLD,3690
FAST,3661
FOOD,3632
NONE,3615
TEST,3547
DROP,3546
SENT,3524
CITY,3515
LUCY,3450
POOR,3431
PULL,3340
BUSY,3229
JOEY,3216
LESS,3173
STEP,3161
FALL,3157
KEPT,3152
TILL,3091
EVIL,3078
ROSS,2981
TRIP,2975
CLUB,2963
CALM,2948
TODD,2943
FAIR,2941
RICK,2909
YORK,2873
WAKE,2857
RING,2786
DUDE,2775
TEAM,2773
RIDE,2768
WEAR,2765
JAIL,2684
LUKE,2614
TAPE,2605
BILL,2572
FEET,2555
ONES,2539
LIST,2518
MESS,2516
CUTE,2504
RYAN,2461
ROAD,2448
BEAT,2440
FELL,2419
NEAR,2386
BETH,2375
PASS,2374
GIFT,2371
DARK,2361
SELF,2358
NORA,2345
AUNT,2339
SAKE,2281
BLOW,2268
MAMA,2257
LIED,2251
ADAM,2219
MIKE,2205
BALL,2200
COPS,2180
BLUE,2180
DEEP,2167
RAFE,2149
LORD,2139
JOIN,2126
CARD,2113
SOUL,2063
JOKE,2062
CELL,2036
LEAD,2033
PAID,2017
PUSH,2010
BOSS,2003
RISK,1954
ERIC,1940
BORN,1936
SEAT,1930
SONG,1925
BOAT,1915
HIDE,1910
NINE,1906
HUGE,1904
SELL,1885
QUIT,1885
JOSH,1868
TROY,1833
FOOL,1825
MARY,1815
ALAN,1805
SLOW,1794
KICK,1761
GRAB,1757
ROCK,1728
RICH,1725
ARMS,1707
BRAD,1694
WAYS,1672
NOSE,1658
SKYE,1655
BEER,1651
DRUG,1639
KYLE,1618
TYPE,1612
ALEX,1609
GOSH,1602
KING,1600
WALL,1581
JUMP,1576
STAR,1566
WARM,1557
SUIT,1542
RUIN,1521
FISH,1515
FEAR,1512
ANNA,1509
MAIL,1497
COST,1496
LIZA,1491
NOTE,1479
SING,1469
FOOT,1468
BANK,1460
RORY,1459
TREE,1453
DARE,1453
SHOP,1432
PLUS,1431
ROLL,1422
BUTT,1413
NUTS,1404
PRUE,1402
GROW,1396
CAKE,1395
MOOD,1393
CRAP,1389
LIES,1373
NECK,1371
LAND,1366
LOTS,1365
FILE,1352
LOCK,1349
WINE,1346
SPOT,1344
VIKI,1334
FILL,1325
NOPE,1321
KEYS,1321
AREA,1305
WILD,1293
DESK,1292
BAND,1284
NEIL,1274
DOIN,1269
SEES,1268
WIND,1251
PACK,1249
SHIP,1244
POOL,1224
HELD,1221
JERK,1218
COPY,1211
KERI,1210
AHEM,1206
TESS,1201
SKIN,1198
CODE,1185
BURN,1173
FILM,1164
HERO,1153
DUMB,1153
WHOO,1148
HOLE,1148
HANK,1137
REVA,1135
BEAR,1135
BITE,1132
LIAR,1128
GWEN,1124
VOTE,1102
GOLD,1101
RULE,1093
UPON,1090
BLEW,1087
KATE,1082
FORM,1079
ONTO,1071
HOLY,1068
DUTY,1063
LEGS,1052
DAVE,1052
LOUD,1051
ANDY,1047
JESS,1046
ARMY,1043
UGLY,1037
SETH,1035
COAT,1030
MOON,1022
LIPS,1021
SIZE,1017
SAMI,1005
SOLD,1004
LILY,1001
COLE,997
ROOF,995
BIRD,993
FAKE,990
BOMB,981
TOBY,973
CLUE,973
HOOK,952
PORT,947
DEAN,934
LOSS,929
VIEW,928
HEAT,917
FEED,906
DRAG,900
HIRE,898
WARN,892
POST,891
MILK,891
SUCK,883
ENDS,882
DUMP,882
RENT,881
RAIN,879
PRAY,873
MEAT,870
RAUL,866
OURS,862
COOK,862
BABE,862
MAIN,861
JURY,859
STAN,849
SEXY,849
BLAH,845
CARS,838
PETE,832
WEAK,830
TREY,828
SLIP,826
ABBY,826
SEAN,817
DICK,816
RACE,810
LAKE,809
DENY,807
TEAR,803
EARS,803
TINY,797
DRAW,797
HARM,789
SNOW,786
DOGS,779
BASE,777
LIFT,776
WOKE,772
LISA,770
CAMP,770
WISE,765
DOLL,763
PAIR,759
EDGE,759
GUNS,755
BIKE,753
BONE,741
TERM,736
MEAL,735
BAIL,732
HUNG,730
DAWN,727
WASH,724
LETS,721
WHOM,720
TIED,713
DIES,710
RUDE,707
GREW,704
SOFT,702
CAST,699
FATE,698
PROM,695
EAST,695
UNIT,694
CREW,694
GUTS,690
SHOE,688
KANE,688
TALL,683
RUNS,681
JEEZ,681
SOUP,680
CHEF,676
TORY,673
ZACK,668
MALE,666
TOUR,664
PUTS,661
WHIP,660
HECK,660
LAID,659
BUST,658
PURE,656
NAIL,656
HILL,655
LANE,654
DIRT,654
BOND,654
JOBS,650
BARS,646
RATE,644
TRAP,643
EGGS,642
BAGS,639
GATE,638
CHAT,632
PINE,624
MATE,624
MATT,623
GLEN,622
MAID,621
BATH,621
PHIL,620
FLAT,612
PITY,611
FARM,605
HERS,604
ROLE,603
JANE,602
PINK,598
COMA,597
BULL,595
BELL,595
MIMI,592
FIRM,589
GANG,581
RISE,580
SKIP,578
HUNT,578
FAIL,578
WIDE,577
SODA,570
LOAD,567
FRED,565
SWIM,561
YELL,560
SALE,554
WOOD,548
ODDS,544
THIN,543
MALL,540
MILE,539
BART,533
MATH,532
CHIP,529
ZERO,528
NATE,528
WOLF,527
CURE,522
RARE,517
WORE,511
TAIL,510
SITE,510
HITS,510
SPIT,509
DUST,509
CARL,509
LAME,508
PATH,507
BOWL,506
WIRE,498
CAVE,497
BOOM,491
VICE,490
OPAL,489
DUCK,487
SPIN,484
TOOL,483
ROXY,483
WRAP,482
LOAN,481
BELT,473
LACK,470
BUCK,470
YARD,468
HEAL,466
BUZZ,464
SONS,462
ZACH,461
ZONE,451
JUNK,451
OWNS,448
HOST,446
FUND,444
BARN,444
DOUG,443
VEGA,442
GREG,433
TORN,432
GOLF,432
NIKI,431
EMMA,428
DECK,428
EASE,427
WAVE,422
THEE,422
LAWS,421
ASKS,421
OOPS,420
GOAL,419
MASS,418
GINA,417
WING,416
SNAP,414
PACE,414
SINK,411
GAIN,410
DUKE,408
TEND,406
TONE,402
NINA,402
BANG,402
PISS,400
TOSS,399
GEEZ,398
BURY,396
HMMM,394
FITS,392
SLUT,390
FLEW,390
DREW,389
CRIS,389
AMEN,389
VOWS,388
DARN,388
CLAY,388
USES,387
INCH,385
FLAG,385
DEBT,385
SAND,384
PAPA,380
TANK,379
BEEF,379
WINS,378
SALT,377
WIPE,373
NEAT,373
LIMO,373
ANTI,373
HINT,369
SOAP,366
FLIP,365
JEAN,362
ROPE,361
BARB,361
OUCH,359
WHEW,358
OOOH,358
SHHH,357
EDEN,356
THOU,354
RACH,354
OHHH,354
BUGS,354
TALE,350
HART,346
TWIN,345
BERG,345
TUNE,344
MASK,344
KIRK,343
GARY,342
PUNK,340
KNEE,335
CAGE,335
TOES,334
POUR,334
EXIT,333
CATS,333
PIPE,330
DATA,330
CHOP,330
TINA,329
SCAM,328
RATS,328
PILL,327
LEAN,327
PAYS,325
SHED,324
MENU,324
DIET,324
CORN,324
GREY,323
DIME,323
PILE,321
TOYS,319
POEM,319
EXAM,318
JOEL,316
DISH,316
IRON,314
DANA,314
TENT,313
NOON,313
DIAL,312
ACTS,312
WARD,311
TAXI,310
SETS,310
JEFF,310
GRAY,310
SEEK,304
ITEM,303
GEAR,303
FANS,302
TONS,301
AIDS,299
NOAH,298
GRIP,298
BUMP,298
FEDS,297
EARN,296
ROOT,294
GODS,294
LEAK,293
FOND,293
JUNE,292
ROME,291
TIPS,290
MACY,290
SLAP,289
PLUG,289
OATH,289
HORN,288
BAIT,288
PLOT,287
DIVE,286
SORE,283
GLOW,282
DORM,281
BEND,281
AHHH,280
EATS,279
CHIN,279
SEAL,278
RAGE,278
SACK,275
EARL,275
BENT,275
FUEL,274
FOUL,273
DULL,273
AGES,273
DEAF,272
JULY,271
CUTS,271
TORE,267
POPS,267
FLOW,266
RAPE,265
CORE,265
ANNE,264
RICO,263
FORT,263
COKE,263
LOFT,262
JAVA,261
LAWN,260
ANYA,258
ALLY,258
HOOD,257
BARE,257
LEAP,256
GOWN,255
PONY,253
LAMP,253
TECH,252
OWES,252
CAFE,251
STAB,250
SCUM,250
LOOP,250
WORN,249
PLEA,249
FROG,248
BRAT,248
COZY,247
TIRE,246
SARA,246
OVEN,246
MILL,246
NEST,245
GENE,245
BALD,244
SCAR,243
POLE,243
SITS,240
PIGS,240
LINK,240
RIOT,239
TASK,234
SAIL,234
RASH,234
MARS,234
HUSH,234
COWS,234
BEBE,234
SCAN,233
MINI,233
TUBE,232
SILK,232
PUMP,232
PALE,232
HAUL,232
BOOT,232
ARTS,232
KARL,231
LION,230
RUBY,229
AUTO,228
TUNA,227
SINS,227
PIER,227
LAMB,227
TURK,224
EYED,224
SOCK,222
REED,222
NOEL,222
FORK,222
YALE,221
PALM,221
FORD,221
HACK,220
RUTH,218
DING,217
TIES,216
FOLD,216
ENZO,216
WADE,215
TITS,215
RACK,214
TOPS,213
QUIZ,213
PREP,213
ENVY,211
SOFA,210
DOCK,210
STAT,209
SOLO,209
MMMM,209
LOIS,209
JAZZ,209
HAWK,209
STIR,208
DEED,207
TARA,206
ROBE,206
POET,206
CUBA,206
CENT,206
RICE,205
MIJO,205
HIKE,204
ACID,204
GEEK,203
VIBE,201
STUD,201
MAMI,201
HATS,201
GOAT,201
POND,200
TUCK,199
REAR,199
LICK,199
LAZY,199
BOYD,199
BITS,199
TEEN,198
SANE,198
NAVY,196
WORM,195
TICK,195
FUSS,195
BUSH,195
LILA,194
GAIL,193
SLAM,192
PORN,192
CHEW,192
PEEL,190
JUDE,190
CART,190
GLUE,189
DEER,189
BING,189
RIBS,187
JUDY,187
MELT,186
PORK,185
UNDO,184
PRES,184
WONT,183
FAME,183
BAKE,183
TERI,182
SANG,182
HEIR,181
CUPS,181
THUS,180
MINT,180
HOSE,180
RODE,179
MEMO,179
HIYA,179
COCK,178
BUYS,178
BUFF,178
DOPE,177
LIMB,176
LEAF,176
CLIP,176
WOAH,175
ICED,175
BORE,175
RITA,174
PEEK,174
BEEP,174
WEED,173
OWED,173
LEND,173
HERB,171
FIST,171
CULT,170
GUNN,168
BOLT,168
BEIN,168
TRAY,167
NOOO,167
AAAH,167
GALE,165
CAPE,165
FRAN,164
BOLD,164
DOSE,163
RATH,161
KONG,161
CANS,161
URGE,160
MACK,160
LULU,160
LEON,160
HAIL,160
CRIB,159
RELY,158
SOLE,157
ROLF,157
JEEP,157
SLIM,156
POSE,156
INFO,156
PALS,155
MICK,155
MERE,155
JEWS,155
HONG,155
ALEC,155
NAZI,154
POPE,153
MOCK,153
CUFF,153
WOOF,152
VOID,151
SOUR,151
SEED,150
PACT,150
KNOT,150
COIN,150
WALT,149
RAYS,149
TOTO,148
RAID,148
MILO,148
BETS,148
NUDE,147
NANA,146
CORD,146
BEDS,146
BEAM,146
RANK,145
OUTA,145
LUNG,145
CURB,145
LUST,144
KENT,144
AGED,144
PUKE,143
PSST,143
LING,143
CIAO,142
WARS,141
HEEL,141
BEAN,140
MOLE,139
MEOW,139
LYNN,139
SURF,138
SEMI,138
FINK,138
MOJO,137
LURE,137
DOOM,137
CHET,137
SMUG,136
MONK,136
MILD,136
HYDE,136
ASAP,136
VENT,135
CRAB,135
AWWW,135
MOMS,134
DRUM,134
TIDE,133
OHIO,133
ROSA,132
NUMB,132
IRIS,132
HUNK,132
EDNA,132
STEM,131
DORK,131
LONE,130
YUCK,129
MODE,129
GRAM,129
DICE,129
PITT,128
PHEW,128
GRAN,128
FADE,128
DISK,128
CANE,128
WAGE,126
MAYA,126
LENA,126
JOAN,126
FART,126
DASH,126
BARK,126
THEO,125
SLOT,125
POOF,125
PAWN,125
SUNK,124
RANG,124
FINN,124
UHHH,122
TURF,122
PUFF,122
FRAS,122
ECHO,122
FARE,121
ERIN,121
BUNS,120
MEDS,119
FOLK,119
BOIL,119
VEIL,118
SHAW,118
DAME,118
CONE,118
YADA,117
VIAL,117
TOMB,117
RUDY,117
NUNS,117
JINX,116
HERR,116
CLAN,116
VEST,114
PIKE,114
MYTH,114
KEEN,114
BUTS,114
UNTO,113
TOLL,113
PING,113
NERD,113
FUSE,113
FRAT,113
CHOW,113
TEXT,112
OWEN,112
ZOEY,111
SARK,111
PETS,111
MOSS,111
FLAW,111
SOIL,110
KNOX,110
DANG,110
COMB,110
BELA,110
MAZE,109
VAST,108
TABS,108
OKEY,108
CURL,108
POLL,107
DALE,107
PIMP,106
NELL,106
COUP,106
VEAL,105
CROP,105
BEES,105
WUSS,104
STEW,104
POOP,104
POKE,104
MEND,104
IOWA,104
FOAM,104
BASS,104
THUG,103
JONI,103
HOMO,103
HIPS,103
FLEA,103
DENT,103
CHOO,103
ANTS,103
VILE,102
OUTS,102
OBEY,102
LUMP,102
EDGY,102
VAIN,101
HASH,101
HALT,101
GRIM,101
RAFT,100
PEEP,100
JAYE,100
VASE,99
DISC,99
CLAW,99
WEEP,98
MOLD,98
MICE,98
DRIP,98
BATS,98
SWAT,97
AMMO,97
SPAN,96
MART,96
HANS,96
SUED,95
SOAK,95
PERU,95
NEMO,95
LOLA,95
LOAF,95
BURT,95
CROW,94
COOP,94
BRAG,94
BIND,94
PEAK,93
MAYO,93
FEST,93
DOTS,93
CODY,93
BRIT,93
ADDS,93
WAND,92
UTAH,92
MONA,92
KACL,92
JODY,92
DUCT,92
BOZO,92
BERT,92
ASIA,92
YOGA,91
WITS,91
REEL,91
RAVE,91
LENT,91
LADS,91
JETS,91
ITCH,91
ARGH,91
MIJA,90
LIME,90
GRAD,90
CAFÉ,90
SHOO,89
REID,89
PENS,89
DOVE,89
BUNK,89
LIMP,88
WHIZ,87
TOAD,87
TACO,87
PREY,87
OLDS,87
JOCK,87
BULB,87
YANK,86
WHIT,86
TRIM,86
SIGH,86
PCPD,86
LAIR,86
HOTS,86
HAHA,86
GANZ,86
FURY,86
DORY,86
CUNT,86
COPE,86
COLA,86
VOUS,85
UMMM,85
KURT,85
WINK,84
MASH,84
DAPH,84
WIMP,83
VERN,83
POLO,83
OVAL,83
MAPS,83
INDY,83
BASH,83
PIES,82
MULE,82
COMM,82
SLIT,81
ROAR,81
PEAS,81
NOSY,81
HUMP,81
CLAM,81
VEIN,80
SOOO,80
SIRE,80
PINT,80
LABS,80
HOOT,80
SNAG,79
RIPE,79
PINS,79
OTIS,79
ORAL,79
JUAN,79
GABE,79
FEES,79
VISA,78
TART,78
PROS,78
NADA,78
DRUE,78
DIRE,78
DIEF,78
DESI,78
MINK,77
LENS,77
DIGS,77
DADS,77
AIDE,77
HORS,76
HERD,76
HEAP,76
TWIT,75
TACK,75
SLAY,75
SHAM,75
RENO,75
MAUI,75
LACE,75
HUNH,75
DONT,75
CHEM,75
ALAS,75
SPUR,74
RENE,74
LARA,74
KHAN,74
GRID,74
GALA,74
WHIM,73
VETO,73
VERA,73
SAGE,73
PADS,73
LUNA,73
BAIN,73
TIDY,72
SWAP,72
SWAN,72
RAIL,72
PLOY,72
PAWS,72
LAYS,72
KUNG,72
JELL,72
DINE,72
CORK,72
COBB,72
WOOL,71
TAGS,71
SLUG,71
PULP,71
PROP,71
PERP,71
MACE,71
HEED,71
GULF,71
BETA,71
ACHE,71
WOMB,70
SNOB,70
SLED,70
QUID,70
NUKE,70
LUCE,70
KWAN,70
JADE,70
IRMA,70
GASP,70
COAL,70
CHEZ,70
CAIN,70
BREW,70
USER,69
REMY,69
KAHN,69
FLEE,69
FAYE,69
DART,69
CHER,69
THAI,68
SYNC,68
SLOB,68
SIRS,68
PUCK,68
OTTO,68
MUSH,68
MIST,68
METS,68
HUGS,68
COVE,68
ALVY,68
LYIN,67
GRIN,67
GALS,67
DULY,67
CLOT,67
BREE,67
TURD,66
SERA,66
RUSS,66
RAMP,66
PROF,66
NASA,66
DEMO,66
DEJA,66
DEFY,66
BLUR,66
BECK,66
ZOOM,65
SUNG,65
LANA,65
HARP,65
GAGE,65
FORE,65
DIOS,65
CONS,65
CLAP,65
WONG,64
SANK,64
MEGA,64
ICKY,64
TILT,63
META,63
HOOP,63
DONG,63
CHEN,63
BUMS,63
BUDS,63
ZEUS,62
YURI,62
SWAM,62
REEF,62
OMEN,62
GALL,62
CASS,62
ARCH,62
SPUN,61
RAND,61
OGRE,61
JAWS,61
DUNK,61
DIBS,61
BORA,61
BEAU,61
THAW,60
RAGS,60
NYAH,60
LULA,60
LAPS,60
HUEY,60
HOAX,60
GINO,60
GAYS,60
EDDY,60
DOME,60
DIRK,60
DELI,60
BYES,60
NINO,59
MOTH,59
MKAY,59
KNOB,59
JEDI,59
EPIC,59
AURA,59
APES,59
WOAK,58
PECK,58
NESS,58
MUTT,58
LILO,58
IDOL,58
HUGO,58
COMO,58
CAPS,58
CALF,58
TEMP,57
LYLE,57
IRAQ,57
FEND,57
ELLA,57
BEGS,57
PLUM,56
PEED,56
OINK,56
NORM,56
KNIT,56
HALO,56
FLOP,56
DOLE,56
CUBS,56
BOBO,56
BIEN,56
BANE,56
ZEKE,55
SHAG,55
SEAS,55
RIPS,55
METH,55
FUNK,55
EVAN,55
TWIG,54
RUST,54
MOOT,54
IDLE,54
FLAP,54
CHIC,54
CARR,54
ANTE,54
WHAM,53
SEER,53
RUNE,53
OLAF,53
HURL,53
CORY,53
CASA,53
CABS,53
BLED,53
ALMA,53
VAMP,52
TOOT,52
TENS,52
SWAY,52
REMO,52
LUCA,52
KOJI,52
HOLA,52
GAPS,52
ESTA,52
DAMP,52
CURT,52
CORA,52
CHAP,52
BROW,52
ANAL,52
YAWN,51
TREK,51
PEST,51
PERK,51
PATE,51
ODOR,51
NASH,51
GOON,51
GERM,51
BARF,51
WICK,50
TILE,50
PUSS,50
OFFS,50
LOGS,50
LAVA,50
HUGH,50
HEDY,50
FLED,50
FIJI,50
EDIT,50
DYIN,50
DEKE,50
CRAM,50
THOR,49
REAP,49
PONG,49
PITS,49
NODS,49
HATH,49
GOOF,49
CUBE,49
BOOB,49
ATOM,49
RUSE,48
RINK,48
PANS,48
MEIN,48
MARV,48
LICE,48
LIAM,48
LASH,48
LAMA,48
HULL,48
GRUB,48
COCO,48
ATTA,48
SNOT,47
REDS,47
PODS,47
NULL,47
KITE,47
GONG,47
BULK,47
BRAS,47
BONO,47
BONG,47
AWOL,47
THEA,46
ROSY,46
RANT,46
OOOO,46
JOSE,46
IVAN,46
FRYE,46
FOXY,46
FAUX,46
EWWW,46
DYKE,46
DINO,46
CHIT,46
BRAN,46
BABU,46
WOOO,45
TAME,45
RICA,45
MUTE,45
MUCK,45
LEIA,45
KEEL,45
HOLT,45
HMPH,45
GILL,45
DIVA,45
DEAQ,45
CHUM,45
ACES,45
WART,44
SOHO,44
ROAM,44
NEEL,44
MARE,44
MALT,44
JUNG,44
HIVE,44
DODD,44
DELL,44
ARSE,44
VINE,43
TODO,43
SHEP,43
ROWS,43
ROHR,43
RITE,43
POTS,43
MUSE,43
LOGO,43
ICON,43
HYPE,43
HOYT,43
GURU,43
GROO,43
GRAS,43
GORY,43
FOIL,43
FESS,43
BRIS,43
BEAK,43
AAHH,43
VITO,42
TROT,42
TOTS,42
SPAT,42
ROTH,42
REDO,42
JUNO,42
IRAN,42
DIEM,42
ARTY,42
SUMS,41
STUB,41
RUIZ,41
RUBS,41
POUT,41
NEON,41
MORT,41
LOOT,41
LINT,41
LAPD,41
HICK,41
FEUD,41
DAWG,41
BRED,41
YARN,40
TUSH,40
TRIO,40
TOFU,40
SSHH,40
RIFT,40
QUAD,40
PFFT,40
PEAR,40
OOHH,40
MERL,40
LEST,40
AMES,40
VILA,39
TOTH,39
STUN,39
STAG,39
LIMA,39
JOYS,39
HEIL,39
HARE,39
DADE,39
BONA,39
ZUKO,38
RAKE,38
POOH,38
NOVA,38
KALI,38
JOLT,38
JANA,38
GORE,38
GAZE,38
FIDE,38
CLEO,38
CANT,38
BESS,38
BALM,38
YORE,37
TRES,37
TOCK,37
THRU,37
LOON,37
KARE,37
ISIS,37
IGBY,37
HELM,37
FITZ,37
ENID,37
DYED,37
BIAS,37
BABA,37
AFAR,37
WIGS,36
UUUH,36
URGH,36
SPUD,36
SCOT,36
PEER,36
MUGS,36
KOKO,36
JAPS,36
HULA,36
EMIL,36
DUFF,36
CEPT,36
BURP,36
BOWS,36
ALOT,36
TOTE,35
SWAB,35
SKIS,35
SKIM,35
SHUI,35
SHAD,35
ODIN,35
NEWT,35
NEAL,35
LOCO,35
JASE,35
HONK,35
GUMS,35
GIST,35
FENG,35
FEAT,35
ERGO,35
CRUZ,35
ACRE,35
ACED,35
WHEE,34
WEBB,34
WAAH,34
SLID,34
MOAN,34
MAXI,34
MATS,34
LEAH,34
HISS,34
HAZY,34
FRET,34
FRAU,34
EVIE,34
CORP,34
CLEM,34
BONY,34
YODA,33
YANG,33
WARE,33
TATE,33
SHAR,33
RCMP,33
MARX,33
LUAU,33
GUNG,33
GLIB,33
DUES,33
BOCA,33
YAMS,32
WEPT,32
WARP,32
WANG,32
TOON,32
TING,32
REPS,32
REDI,32
ORGY,32
NICO,32
JARS,32
JAMS,32
IGHT,32
HUCK,32
GLEE,32
EURO,32
DIAS,32
BLIP,32
ZING,31
TITO,31
SUZY,31
ROOK,31
RIFF,31
REIN,31
OILS,31
NYPD,31
NOIR,31
NATO,31
NAPS,31
MITZ,31
MARC,31
MANO,31
MANN,31
LUSH,31
JAYA,31
HARI,31
HALE,31
GOGH,31
DUEL,31
DION,31
DINA,31
COOT,31
CLAD,31
ARAB,31
AHOY,31
WACK,30
UCLA,30
SCAT,30
SATS,30
NONO,30
MOAT,30
MIME,30
HENS,30
HAZE,30
VIVA,29
USIN,29
TETE,29
TAFT,29
STOW,29
SSSH,29
SNUG,29
SLOP,29
SLEW,29
SKID,29
SCAB,29
PERV,29
PASO,29
NOUS,29
NITE,29
MITT,29
LARD,29
KIKI,29
JOUR,29
GOTS,29
GLUM,29
FOWL,29
FAGS,29
EELS,29
DUSK,29
DOTH,29
DOKE,29
CITE,29
BRIE,29
BLAB,29
ANDI,29
UHUH,28
TRIG,28
THOM,28
SPEW,28
SAGA,28
REEK,28
OWWW,28
MOPE,28
LOBE,28
LEVY,28
LASS,28
LANG,28
KERN,28
JUDD,28
HOWL,28
HOOF,28
FUZZ,28
CARA,28
BRIN,28
BALI,28
BALA,28
AXIS,28
ARIA,28
ACME,28
SNIP,27
SLUM,27
SEWN,27
RUNG,27
ROMP,27
RITZ,27
PINA,27
PENN,27
PARA,27
OATS,27
NILE,27
MYRA,27
MUSS,27
MONO,27
KINK,27
JENN,27
ITTY,27
HOBO,27
HEHE,27
GIGS,27
FLEX,27
FLAK,27
EMMY,27
EGAN,27
DUNN,27
DAVY,27
CHUI,27
BOOP,27
BLOB,27
BIDS,27
ZULU,26
WRIT,26
TIKI,26
TACT,26
SOAR,26
SLAW,26
SKIT,26
PLOW,26
PANT,26
ORBS,26
MIRA,26
MERV,26
LOWE,26
LOCH,26
KORN,26
KAYE,26
HYMN,26
HULK,26
HOPS,26
HOCK,26
GUAM,26
GAGA,26
FURS,26
FLAN,26
FIFE,26
EPPS,26
EGOS,26
DUET,26
DUAL,26
DINK,26
DILL,26
DAFT,26
COMP,26
CALE,26
ATOP,26
ALLI,26
WILT,25
VICK,25
TIFF,25
RUNT,25
QUOR,25
PROB,25
PAIL,25
OFFA,25
NIGH,25
NEIA,25
MOLY,25
GUNK,25
EROS,25
DEBI,25
CHUG,25
CHAN,25
BINK,25
BIFF,25
AQUI,25
ACNE,25
TWAT,24
TUBA,24
TRAN,24
SVEN,24
SULK,24
SHEL,24
SHEE,24
RUFF,24
RODS,24
MOOK,24
MITE,24
MINH,24
LUPE,24
KRIS,24
KILT,24
JEST,24
JAGS,24
IFFY,24
HOSS,24
HANA,24
GIGI,24
DUNG,24
DUDS,24
CARY,24
BURG,24
BILE,24
ARES,24
ANUS,24
TOUT,23
TAPS,23
SIPS,23
SASS,23
PUTT,23
PSAT,23
NOOK,23
MULL,23
MOOR,23
LORI,23
KOOL,23
KARI,23
HUFF,23
GRRR,23
EXPO,23
ESPN,23
DRAT,23
DISS,23
DANE,23
DALY,23
DADA,23
CZAR,23
CUES,23
COUS,23
CHAI,23
BODE,23
BEAD,23
AVEC,23
AMPS,23
AMOK,23
AINT,23
WHUP,22
VALE,22
TYKE,22
TOIL,22
THUD,22
TANG,22
SMUT,22
SLAB,22
SILO,22
SHAX,22
RRRR,22
RAMA,22
PHAT,22
PENT,22
NETS,22
MWAH,22
MUNG,22
MOBY,22
MING,22
MAYS,22
MAST,22
MANS,22
LEER,22
KLAN,22
JIVE,22
IOTA,22
HARK,22
GOOK,22
EXEC,22
EONS,22
EMMI,22
DODO,22
DEMI,22
DARA,22
CLOG,22
CECE,22
ATAT,22
ASHA,22
WINO,21
VERB,21
VANS,21
TWIX,21
TORT,21
TORI,21
THON,21
SUNS,21
SPED,21
SLAG,21
SECT,21
SAKS,21
RUGS,21
RISA,21
RINA,21
RAMS,21
PUTZ,21
POLK,21
PACO,21
MINX,21
MEEK,21
MAIS,21
ISLE,21
HUTT,21
HUMM,21
HONE,21
HAFF,21
GULP,21
GERE,21
GASH,21
ERRR,21
DORA,21
DANK,21
ALPS,21
ZINC,20
YULE,20
WASN,20
VIET,20
TRIX,20
TONI,20
SUBS,20
SPEC,20
SASH,20
REXY,20
POSH,20
PISH,20
PASA,20
OZZY,20
OLLY,20
NAAH,20
MUSK,20
LYME,20
LEVI,20
KOOK,20
KITS,20
IGOR,20
HAAA,20
GRIT,20
EHHH,20
DIEU,20
CRUD,20
COIL,20
COCA,20
BARR,20
ASTA,20
ALLO,20
ALDO,20
AAAA,20
ZORA,19
ZETA,19
YOKE,19
TOGA,19
THER,19
SPAZ,19
RUMP,19
ROMA,19
RIGS,19
PUNY,19
POLY,19
PELE,19
PECS,19
OMAR,19
OILY,19
OAKS,19
NERO,19
MUFF,19
MENS,19
LOWS,19
LEWD,19
KOBE,19
KANN,19
JUGS,19
IDLY,19
HYAH,19
HOGS,19
GOAD,19
EXES,19
ESTÁ,19
ELSA,19
DIFF,19
DELA,19
DEEM,19
CONT,19
COED,19
BREN,19
BLEU,19
BAPU,19
BACH,19
YOUS,18
YETI,18
WARY,18
VOOM,18
TYPO,18
TWAS,18
TSCH,18
SUDS,18
SMOG,18
SHIN,18
SARS,18
SAAB,18
PUNS,18
PORE,18
PALP,18
OJAI,18
NARC,18
MESH,18
MARA,18
LENO,18
LEAR,18
LARK,18
KIWI,18
KEGS,18
JUDO,18
IZZY,18
HUNS,18
GANT,18
FONT,18
ELLE,18
ELKS,18
DRAB,18
DIAZ,18
CYST,18
CATH,18
BRIA,18
BENZ,18
BABS,18
ANCK,18
AILS,18
AHAB,18
ZEST,17
WASP,17
VLAD,17
VINO,17
TUNG,17
TOED,17
TION,17
TIER,17
THNK,17
TARP,17
TADA,17
SUMO,17
SPRY,17
SPIC,17
SNIT,17
SHAN,17
RSVP,17
ROTS,17
PROD,17
PERM,17
PEES,17
OYEZ,17
NOUN,17
MOSE,17
MMPH,17
KILO,17
KELP,17
KARA,17
JOVI,17
JODI,17
HUSK,17
HILT,17
HIDY,17
GOUT,17
GEMS,17
GAFF,17
FALK,17
EBBY,17
EBAY,17
DOLT,17
DAZE,17
CARP,17
CAEN,17
BRIG,17
BINS,17
AVID,17
AUGH,17
AQUA,17
ANEW,17
ALOE,17
AHAH,17
AAGH,17
ZEAL,16
YUNG,16
WILY,16
WAIF,16
VIVO,16
VIVE,16
TUTU,16
TOSH,16
TIVO,16
TERR,16
SIFT,16
SCRY,16
ROBO,16
PAVE,16
OLEG,16
OKRA,16
OKIE,16
MORN,16
MINA,16
MALP,16
MACH,16
LULL,16
LUKA,16
LODE,16
LIEU,16
ITSY,16
HIND,16
GNAW,16
GNAT,16
GEES,16
GAYE,16
FANG,16
ECON,16
DOCS,16
DIPS,16
DAGO,16
CUJO,16
CONG,16
CLEA,16
CAPO,16
CANA,16
BRET,16
BRAH,16
BOAR,16
BAJA,16
AWRY,16
AMOS,16
ALVA,16
ACLU,16
ZAZU,15
YOGI,15
WELD,15
WAVY,15
WATT,15
VILL,15
VIDA,15
VETS,15
UBER,15
TUNH,15
TUBS,15
TACH,15
SPAM,15
SOUS,15
SILL,15
SAPS,15
RUBE,15
RONA,15
PAPI,15
OWLS,15
MOMO,15
MATA,15
MAIM,15
LOUT,15
LIRA,15
LACY,15
KYLA,15
JUKE,15
JOES,15
JEFE,15
INEZ,15
IGGY,15
HIJO,15
HELO,15
HAGS,15
GUSH,15
GROG,15
GAWK,15
GAWD,15
FINS,15
EENY,15
DOOT,15
CUSH,15
COAX,15
BORK,15
BASK,15
ANON,15
ALTO,15
AIRS,15
ZANE,14
YOKO,14
XENA,14
WEIR,14
WAIL,14
WAAL,14
UUGH,14
UNKY,14
UFOS,14
TUDE,14
THAS,14
SNUB,14
ROWE,14
RIGH,14
PRAG,14
PLED,14
PINO,14
PIED,14
PHAM,14
PERO,14
PEPE,14
OPIE,14
OLGA,14
NOME,14
NEVE,14
NANO,14
NANI,14
MUMS,14
MARU,14
LURK,14
LIEN,14
LARS,14
KERR,14
KATH,14
JIFF,14
INGA,14
IAGO,14
HYPO,14
HAST,14
HADJ,14
GOTT,14
GOTH,14
GLAM,14
GELS,14
FONZ,14
FONG,14
FOIS,14
FOIE,14
FERN,14
EUGH,14
EMIT,14
DÉJÀ,14
DOZE,14
CRYO,14
COON,14
CLOD,14
CICI,14
CARB,14
BUON,14
BENE,14
BAKU,14
AREN,14
ABBA,14
ZIMM,13
YVES,13
YMCA,13
VARY,13
UUHH,13
TWOS,13
TORO,13
TINS,13
TINK,13
TEAS,13
SUGA,13
STDS,13
SOOT,13
SOIR,13
SEAM,13
SAIS,13
ROBS,13
QUOI,13
PURR,13
ORIN,13
NODE,13
MENT,13
MAGS,13
LORE,13
LONI,13
LIVA,13
KOBO,13
KATY,13
JOAD,13
JABS,13
ISNT,13
INNA,13
HUTS,13
HOWE,13
HOOO,13
FRAY,13
FLUX,13
FISK,13
EDIE,13
CUSP,13
CRIP,13
COSY,13
CHOI,13
CEEJ,13
CALI,13
BOON,13
BLOC,13
BAWL,13
BARD,13
AXLE,13
ANGE,13
AMOR,13
AFRO,13
WYCK,12
WORF,12
WAXY,12
WACO,12
VEVE,12
TYRE,12
TOKE,12
TITA,12
TAIS,12
SWIG,12
SUES,12
STAD,12
SIAM,12
SEGA,12
SAWS,12
SADE,12
REAM,12
RACY,12
PIÑA,12
PANE,12
OMOC,12
OBOE,12
NUYS,12
NEFF,12
MEME,12
MEAD,12
LUBE,12
LIDS,12
LEIF,12
LAOS,12
KRUM,12
KILN,12
JOSÉ,12
JANI,12
IVIG,12
IMAM,12
HUMS,12
HEYA,12
HEMP,12
HARV,12
GUFF,12
FREB,12
EVAC,12
EHEH,12
EEYY,12
DYER,12
DUHN,12
DITZ,12
DAZS,12
CREE,12
COPA,12
COLI,12
CHUY,12
CHEE,12
CEOS,12
CAMS,12
BROS,12
BRIM,12
BLUH,12
BLOT,12
BLAM,12
BIDE,12
AXEL,12
AULD,12
ALES,12
ABFC,12
ZORG,11
YAMA,11
XMAS,11
WRCW,11
VEER,11
TAKI,11
SHIV,11
SHER,11
SHEA,11
SANS,11
RILE,11
RIFE,11
PYRO,11
PRIM,11
POGO,11
PELT,11
OPUS,11
OOZE,11
OMNI,11
OLAS,11
OARS,11
NYET,11
NNNO,11
NEIN,11
NAPA,11
NALA,11
METZ,11
MARR,11
MANK,11
LOMA,11
KINS,11
KIEV,11
KAZI,11
KATZ,11
KAON,11
KAMA,11
JACE,11
HUHH,11
GUST,11
GART,11
FOES,11
FAZE,11
FAWN,11
FAIT,11
EVAH,11
ENDO,11
DUPE,11
DIDI,11
DERP,11
DERN,11
DERM,11
DEPT,11
DANS,11
CRAW,11
BUDD,11
BLAK,11
BERN,11
BEET,11
ASHE,11
AMID,11
ALLS,11
AKIN,11
ACHY,11
ZUZU,10
ZOOT,10
ZION,10
YEUP,10
YAKS,10
WSPR,10
WIKE,10
WELK,10
VITA,10
VAYA,10
VANT,10
TINE,10
SULU,10
SUIS,10
SIRI,10
SIEG,10
SHUR,10
SHUK,10
SHAK,10
SARI,10
RUCK,10
ROWR,10
RIKE,10
RAFF,10
PRIO,10
POMS,10
POLI,10
PICO,10
PHYS,10
PATÉ,10
PATS,10
OUZO,10
OOWW,10
ONYX,10
NIKO,10
MIHO,10
MERC,10
MANE,10
LUXE,10
LUTE,10
LOBO,10
LINS,10
KREE,10
KONA,10
KLAR,10
KIVA,10
KIKE,10
KIDD,10
KASH,10
JSUT,10
JOGS,10
INTE,10
IKEA,10
HUTZ,10
HEYY,10
HEUH,10
GRAF,10
GOOP,10
GENT,10
FIGS,10
FEUR,10
FEMA,10
ERES,10
DOMO,10
DEPP,10
CRIT,10
COLT,10
CINQ,10
CHAZ,10
CHAR,10
CHAK,10
CABO,10
BURR,10
BUNG,10
BROM,10
BOIS,10
BILK,10
BELO,10
BAWK,10
AYUH,10
AWGH,10
ARRR,10
AMIN,10
AJAR,10
AIMS,10
AGUA,10
ABSO,10
ABEL,10
AAWW,10
ZANY,9
YUAN,9
YOUO,9
YORU,9
YIPE,9
YING,9
YEOW,9
YAAH,9
WYNN,9
WOES,9
WHEY,9
WHET,9
WELT,9
WEEE,9
WANK,9
VOLT,9
VIRG,9
VEWY,9
USTA,9
URNS,9
TÊTE,9
TONG,9
THTH,9
THAR,9
TEAL,9
SUZE,9
SPAR,9
SOSA,9
SOOK,9
SKAG,9
SHUN,9
SHAH,9
SCOW,9
SAMO,9
SAKI,9
ROJO,9
RAVA,9
PUCE,9
PLOP,9
PEON,9
OXEN,9
OREO,9
NKAY,9
NIKE,9
MOTO,9
MOTE,9
MOPS,9
MONE,9
MILT,9
MEEE,9
MAHI,9
LUÍS,9
LOOM,9
LOEW,9
LOCA,9
LIAS,9
LECH,9
JIMI,9
IVES,9
IONS,9
HORA,9
HOHO,9
HOAG,9
HEFT,9
HAMS,9
GYNO,9
GURL,9
GULL,9
GTTK,9
GERT,9
GARB,9
GANO,9
GACK,9
FUGU,9
FRON,9
FIZZ,9
FIRS,9
FETT,9
EVES,9
ELMO,9
ELLO,9
DURP,9
DOST,9
DEUX,9
DEBO,9
CÑÑM,9
CURD,9
CROC,9
CLIT,9
CAPT,9
BREA,9
BOGS,9
BLUM,9
BADA,9
AWED,9
AVON,9
ARID,9
APEX,9
ALLA,9
AHTA,9
ABUT,9
AAND,9
YECH,8
XRAY,8
WOPS,8
WOOH,8
WHAH,8
WEDS,8
WEBS,8
WAHT,8
VAIL,8
USDA,8
URUR,8
UNGH,8
TYRA,8
TOME,8
THEL,8
THEH,8
TAUT,8
TACS,8
SULA,8
SUEY,8
STYX,8
SPAS,8
SONY,8
SLUR,8
SINE,8
SHES,8
SHAT,8
SHAQ,8
SEEP,8
SCAG,8
PYRE,8
PUNT,8
PAPÁ,8
ORGA,8
OOOW,8
OKUM,8
NUMA,8
NOTH,8
NOSH,8
NICU,8
NEER,8
NANG,8
NADS,8
MOSH,8
MESA,8
MAUL,8
MARI,8
MANI,8
LYLA,8
LUGE,8
LOIN,8
LISI,8
LIER,8
LIDO,8
LEIN,8
KRIT,8
KPXY,8
KEWL,8
KATO,8
KANT,8
JULE,8
JIZZ,8
IOUS,8
INCA,8
IMUS,8
ILLS,8
HNNN,8
HEAH,8
GLUB,8
GATO,8
FUDD,8
FLUE,8
FLOG,8
FIDO,8
FAVE,8
FAUN,8
EYRE,8
ESME,8
ERIK,8
ERIE,8
ELBA,8
EEEW,8
DVDS,8
DOGG,8
DOER,8
DEWY,8
DELT,8
DAIS,8
DAHL,8
CUSS,8
COUN,8
COTS,8
CONK,8
CHAS,8
CASY,8
CAIR,8
BURA,8
BUNT,8
BOOO,8
BEEK,8
BAMA,8
BALK,8
BALE,8
BAIO,8
BAER,8
AVIV,8
AVEZ,8
ARIF,8
AMON,8
AMEX,8
AGIN,8
ABOU,8
ZITS,7
YUTZ,7
YUMM,7
YOLK,7
XAND,7
WOUL,7
WOOP,7
WNKW,7
WNAT,7
WHYS,7
WHUH,7
WHOS,7
WETS,7
WEAN,7
VOIR,7
VIII,7
VELL,7
UUML,7
UNAS,7
UMPA,7
TUSK,7
TSUN,7
TROU,7
TRAM,7
TOMS,7
TOBS,7
TOBE,7
THIA,7
TEED,7
SYNE,7
SUSS,7
SUMP,7
SUKI,7
STEN,7
SOWN,7
SORR,7
SONO,7
SOBS,7
SIMS,7
SIMP,7
SHIH,7
SHAY,7
SEAR,7
SCUD,7
SAUL,7
SABE,7
ROTO,7
RONI,7
RIST,7
RETY,7
REHU,7
RBIS,7
PRAM,7
POES,7
PISA,7
PEAT,7
PARP,7
PARE,7
PALO,7
PAGO,7
OWOW,7
OPEC,7
OOKY,7
OLDE,7
OKEE,7
OGLE,7
NUFF,7
NOGE,7
NIRO,7
NGAN,7
NCIC,7
NARY,7
MRIS,7
MORK,7
MONT,7
MOLL,7
MOIL,7
MOBS,7
MIZZ,7
MHMM,7
MEIR,7
MAME,7
MALK,7
LYNX,7
LUTZ,7
LOOS,7
LOEB,7
LITT,7
LITE,7
LANS,7
KYRA,7
KWON,7
KOSS,7
KOCH,7
KENO,7
KCDM,7
KALE,7
KAIA,7
JOJO,7
INHE,7
HUUH,7
HTTP,7
HOHH,7
HING,7
HESS,7
HAPP,7
HAHN,7
HAAH,7
GYMS,7
GOYA,7
GOBS,7
GLOP,7
GIMP,7
GAMS,7
GALT,7
GAGS,7
FUNG,7
FIFI,7
FETA,7
FECT,7
FADS,7
ETON,7
ESTO,7
ERBE,7
ENEN,7
EMTS,7
ELMS,7
DUCE,7
DOUR,7
DJEZ,7
DENG,7
DEFT,7
DEDE,7
DATO,7
CUED,7
CRED,7
COSA,7
CORO,7
CNBC,7
CLOP,7
CLEF,7
CIRC,7
CHIL,7
CAVA,7
BUOY,7
BOZZ,7
BONS,7
BOBA,7
BIBI,7
BENI,7
BAUK,7
BANS,7
AXES,7
ANAN,7
ALUM,7
AIRY,7
ABBU,7
AARP,7
ZOOS,6
ZITA,6
YOYO,6
YONG,6
YEGG,6
YAYO,6
YAWP,6
WORT,6
WISP,6
WIRY,6
WILE,6
WHAR,6
WEWE,6
WELP,6
VORK,6
VIPS,6
UHMM,6
UGHH,6
TURE,6
TRON,6
TRIB,6
TOOO,6
TOLE,6
TOGS,6
TIVE,6
TELE,6
TEAT,6
TARD,6
TANS,6
SUVS,6
SUSH,6
STST,6
STER,6
SSSS,6
SODS,6
SODE,6
SIDS,6
SETI,6
SALK,6
RIMS,6
RHAH,6
RASA,6
RAPS,6
RADY,6
QUES,6
QUEL,6
QUAN,6
PRIG,6
PONE,6
POMP,6
PHOE,6
PFFF,6
PESO,6
PENG,6
PEGS,6
PANG,6
OYES,6
OUST,6
OUSE,6
OULD,6
OUGH,6
OTHE,6
ORCA,6
NTNT,6
NOLE,6
NIÑO,6
NIPS,6
NIBS,6
NERF,6
NEEE,6
NAGS,6
MRSA,6
MOWN,6
MOCA,6
MENA,6
LOTT,6
LLLL,6
LIPP,6
LINA,6
LEGZ,6
LEDA,6
LAIT,6
LAIN,6
KLUX,6
JUVI,6
JEET,6
JARA,6
IÒLL,6
IUML,6
INNS,6
INGS,6
INCE,6
HTML,6
HOWS,6
HOTH,6
HOES,6
HERA,6
HEEY,6
HASS,6
HASN,6
HAPS,6
HAIG,6
HADO,6
GUNI,6
GUES,6
GRIS,6
GACY,6
GABY,6
FUTS,6
FOAL,6
FLOE,6
FLAY,6
FATH,6
ELOI,6
EGGO,6
EEWW,6
EEEE,6
ECCH,6
DÉJA,6
DOTE,6
DOOF,6
DOMI,6
DOJO,6
DIKE,6
DIGG,6
DEPO,6
DAMA,6
DACK,6
CULO,6
CRUX,6
CRAN,6
CONN,6
COMS,6
CIND,6
CHOY,6
CAYO,6
CATO,6
CARO,6
CAFF,6
BLIM,6
BLEH,6
BIOS,6
BAYS,6
BAMN,6
APPS,6
ANKA,6
ANDA,6
AMAH,6
AFIS,6
